"","Problem","total_distance","iterations","popsize","capacity"
"1","E-n22-k2",375.279787148012,50000,100,"6000"
"2","E-n23-k3",573.46811061917,100000,100,"4500"
"3","E-n30-k3",538.794686490436,50000,100,"4500"
"4","E-n33-k4",850.015313222969,100000,100,"8000"
"5","E-n51-k5",579.126184978758,100000,100,"160"
