"total_distance","vehicle_num","problem"
2142.59220601206,14,"E-n101-k14"
1028.47098565771,8,"E-n101-k8"
410.526567665703,4,"E-n22-k4"
608.176520978955,3,"E-n23-k3"
554.793811343043,3,"E-n30-k3"
887.406592530236,4,"E-n33-k4"
616.764217348144,5,"E-n51-k5"
977.225593919478,10,"E-n76-k10"
898.312754227914,8,"E-n76-k8"
