"total_distance","vehicle_num","problem"
2142.59220601206,15,"E-n101-k14"
1837.10975261651,8,"E-n101-k8"
449.854273472852,4,"E-n22-k4"
617.78318298591,3,"E-n23-k3"
623.932138210181,4,"E-n30-k3"
923.884365145619,4,"E-n33-k4"
754.937959268544,6,"E-n51-k5"
1098.72208826473,11,"E-n76-k10"
964.697723213103,9,"E-n76-k8"
